{
  "project_info": {
    "project_number": "492239584051",
    "firebase_url": "https://oder-e0b44-default-rtdb.firebaseio.com",
    "project_id": "oder-e0b44",
    "storage_bucket": "oder-e0b44.appspot.com"
  },
  "client": [
    {
      "client_info": {
        "mobilesdk_app_id": "1:492239584051:android:4e1e527734d4c6f6011c46",
        "android_client_info": {
          "package_name": "com.chungnguyen.orderfood"
        }
      },
      "oauth_client": [
        {
          "client_id": "492239584051-17k3fffsokdvmd98784gc6s6r6tnffro.apps.googleusercontent.com",
          "client_type": 1,
          "android_info": {
            "package_name": "com.chungnguyen.orderfood",
            "certificate_hash": "7dc2b5209840f470ef74b8b01853de268ad2d234"
          }
        },
        {
          "client_id": "492239584051-ifv0t7a348najtg0em94u7ftsr7qcs62.apps.googleusercontent.com",
          "client_type": 3
        }
      ],
      "api_key": [
        {
          "current_key": "AIzaSyCw5B1iJvrUiQtHcYgODGq_IyKcS2rx3Mg"
        }
      ],
      "services": {
        "appinvite_service": {
          "other_platform_oauth_client": [
            {
              "client_id": "492239584051-ifv0t7a348najtg0em94u7ftsr7qcs62.apps.googleusercontent.com",
              "client_type": 3
            }
          ]
        }
      }
    }
  ],
  "configuration_version": "1"
}